TimeStamp,ax,ay,az,gx,gy,gz,mx,my,mz
1586.8931,827.282,-159.027,599.508,-1461.25,-4593.75,516.25,-156.56,-256.88,-269.04
1586.9431,831.674,-154.208,609.085,-1802.5,-4856.25,437.5,-145.92,-272.08,-266.0
1586.9931,833.748,-158.112,605.73,-1260.0,-4716.25,262.5,-150.48,-258.4,-281.2
1587.0431,830.881,-156.282,604.144,-1487.5,-4742.5,743.75,-142.88,-253.84,-273.6
1587.0931,830.881,-156.648,605.303,-1461.25,-4576.25,647.5,-168.72,-273.6,-278.16
1587.1431,829.356,-153.415,605.73,-1461.25,-4803.75,761.25,-153.52,-249.28,-275.12
1587.1931,833.138,-160.125,605.181,-1548.75,-4593.75,393.75,-135.28,-266.0,-270.56
1587.2431,829.722,-155.245,606.584,-1627.5,-4401.25,393.75,-147.44,-267.52,-264.48
1587.2931,829.661,-155.733,607.377,-1531.25,-4567.5,682.5,-155.04,-249.28,-270.56
1587.3431,831.186,-155.855,605.791,-1435.0,-4943.75,770.0,-145.92,-256.88,-272.08
1587.3931,830.515,-156.892,604.327,-1470.0,-4681.25,770.0,-148.96,-252.32,-275.12
1587.4431,828.746,-155.123,605.425,-1636.25,-4786.25,472.5,-142.88,-264.48,-270.56
1587.4931,832.162,-155.245,604.937,-1540.0,-4690.0,411.25,-155.04,-244.72,-273.6
1587.5431,829.966,-156.587,606.828,-1365.0,-4935.0,743.75,-138.32,-261.44,-261.44
1587.5931,832.345,-158.966,603.046,-1548.75,-4628.75,822.5,-141.36,-262.96,-266.0
1587.6431,830.149,-154.94,605.242,-1548.75,-4707.5,743.75,-161.12,-258.4,-273.6
1587.6931,832.101,-155.367,605.242,-1487.5,-4690.0,306.25,-136.8,-255.36,-278.16
1587.7431,834.053,-156.16,604.083,-1601.25,-4628.75,367.5,-139.84,-246.24,-279.68
1587.7931,832.101,-157.38,605.608,-1566.25,-4541.25,542.5,-147.44,-259.92,-267.52
1587.8431,832.406,-156.953,608.78,-1548.75,-4646.25,726.25,-170.24,-259.92,-270.56
1587.8931,832.467,-156.343,606.34,-1470.0,-4777.5,507.5,-141.36,-267.52,-275.12
1587.9431,831.674,-157.38,602.619,-1435.0,-4593.75,315.0,-147.44,-262.96,-269.04
1587.9931,831.125,-155.672,606.767,-1758.75,-4462.5,560.0,-165.68,-269.04,-269.04
1588.0432,830.393,-155.611,604.327,-1452.5,-4646.25,533.75,-148.96,-247.76,-273.6
1588.0931,833.138,-155.428,606.584,-1443.75,-4830.0,560.0,-132.24,-255.36,-267.52
1588.1431,830.576,-156.892,605.12,-1697.5,-4523.75,533.75,-164.16,-273.6,-267.52
1588.1931,832.101,-157.441,605.913,-1697.5,-4427.5,577.5,-150.48,-264.48,-272.08
1588.2431,831.064,-157.807,606.462,-1426.25,-4506.25,507.5,-138.32,-259.92,-267.52
1588.2931,831.552,-155.306,604.083,-1557.5,-4497.5,743.75,-136.8,-262.96,-267.52
1588.3431,830.759,-158.356,607.255,-1540.0,-4480.0,533.75,-156.56,-249.28,-270.56
1588.3931,831.918,-154.757,605.608,-1461.25,-4838.75,420.0,-144.4,-246.24,-276.64
1588.4431,830.149,-156.465,606.096,-1601.25,-4620.0,306.25,-148.96,-259.92,-276.64
1588.4931,830.698,-157.685,604.937,-1496.25,-4672.5,656.25,-148.96,-252.32,-258.4
1588.5431,831.003,-156.831,606.157,-1583.75,-4786.25,735.0,-144.4,-266.0,-264.48
1588.5931,831.491,-157.258,608.353,-1566.25,-4742.5,498.75,-148.96,-253.84,-282.72
1588.6431,830.393,-156.892,605.242,-1732.5,-4418.75,323.75,-161.12,-259.92,-259.92
1588.6931,831.125,-157.563,605.303,-1365.0,-4576.25,280.0,-147.44,-253.84,-282.72
1588.7431,830.759,-155.916,604.998,-1382.5,-4900.0,647.5,-158.08,-256.88,-288.8
1588.7931,831.552,-158.051,604.937,-1540.0,-4777.5,717.5,-145.92,-252.32,-279.68
1588.8431,832.101,-155.123,605.486,-1680.0,-4427.5,420.0,-148.96,-258.4,-275.12
1588.8931,828.807,-158.417,606.767,-1487.5,-4760.0,323.75,-147.44,-264.48,-275.12
1588.9431,831.613,-155.367,605.181,-1583.75,-4585.0,446.25,-142.88,-261.44,-278.16
1588.9931,829.661,-159.088,604.083,-1505.0,-4663.75,778.75,-147.44,-252.32,-258.4
1589.0431,833.138,-155.916,604.754,-1461.25,-4838.75,787.5,-153.52,-264.48,-281.2
1589.0931,831.674,-155.001,604.815,-1618.75,-4296.25,630.0,-144.4,-258.4,-273.6
1589.1431,830.82,-155.733,604.327,-1715.0,-4235.0,402.5,-144.4,-258.4,-273.6
1589.1931,829.173,-156.465,606.34,-1391.25,-4751.25,455.0,-152.0,-253.84,-267.52
1589.2431,830.088,-155.794,606.584,-1443.75,-4751.25,708.75,-162.64,-259.92,-276.64
1589.2931,830.759,-157.563,604.876,-1496.25,-4681.25,700.0,-129.2,-262.96,-287.28
1589.3431,833.26,-156.038,605.486,-1408.75,-4821.25,577.5,-142.88,-262.96,-275.12
1589.3932,829.844,-155.001,607.743,-1496.25,-4768.75,402.5,-155.04,-253.84,-275.12
1589.4431,833.199,-155.245,606.767,-1557.5,-4532.5,560.0,-153.52,-256.88,-256.88
1589.4931,830.942,-156.099,604.693,-1461.25,-4523.75,577.5,-148.96,-252.32,-278.16
1589.5431,832.528,-156.892,605.364,-1636.25,-4637.5,621.25,-142.88,-264.48,-256.88
1589.5931,832.65,-156.221,606.157,-1531.25,-4725.0,420.0,-150.48,-256.88,-261.44
1589.6431,829.478,-155.245,603.595,-1461.25,-4506.25,525.0,-156.56,-259.92,-270.56
1589.6931,831.125,-156.099,604.632,-1548.75,-4803.75,647.5,-132.24,-246.24,-272.08
1589.7431,829.295,-156.465,605.242,-1505.0,-4480.0,481.25,-156.56,-256.88,-264.48
1589.7931,832.345,-156.77,604.815,-1452.5,-4725.0,455.0,-156.56,-250.8,-270.56
1589.8431,832.162,-157.624,605.242,-1680.0,-4401.25,437.5,-138.32,-259.92,-281.2
1589.8931,832.284,-157.441,607.255,-1645.0,-4663.75,708.75,-161.12,-252.32,-272.08
1589.9431,830.881,-154.513,603.656,-1487.5,-4786.25,778.75,-147.44,-261.44,-281.2
1589.9931,833.199,-155.306,603.046,-1408.75,-4821.25,848.75,-155.04,-253.84,-273.6
1590.0431,831.857,-157.99,602.375,-1557.5,-4462.5,376.25,-152.0,-240.16,-285.76
1590.0931,831.064,-155.977,603.29,-1496.25,-4602.5,437.5,-165.68,-246.24,-278.16
1590.1431,830.576,-158.051,607.194,-1391.25,-4742.5,603.75,-162.64,-250.8,-275.12
1590.1931,832.223,-157.38,605.059,-1653.75,-4550.0,831.25,-152.0,-253.84,-272.08
1590.2431,829.478,-156.404,602.924,-1443.75,-4698.75,708.75,-139.84,-255.36,-281.2
1590.2931,828.38,-156.892,604.754,-1723.75,-4620.0,411.25,-130.72,-272.08,-270.56
1590.3431,829.661,-155.55,606.279,-1478.75,-4830.0,393.75,-165.68,-253.84,-270.56
1590.3931,831.979,-157.319,604.937,-1382.5,-4812.5,682.5,-144.4,-247.76,-276.64
1590.4431,832.528,-157.319,603.473,-1548.75,-4628.75,796.25,-136.8,-255.36,-276.64
1590.4931,829.844,-156.16,605.791,-1513.75,-4768.75,726.25,-156.56,-244.72,-269.04
1590.5431,832.101,-157.38,605.181,-1653.75,-4777.5,297.5,-152.0,-259.92,-281.2
1590.5931,830.576,-155.123,607.56,-1522.5,-4427.5,437.5,-130.72,-244.72,-275.12
1590.6431,830.576,-156.221,606.706,-1566.25,-4768.75,490.0,-126.16,-246.24,-273.6
1590.6931,833.138,-157.319,607.377,-1522.5,-4908.75,778.75,-147.44,-256.88,-285.76
1590.7433,833.26,-156.587,604.51,-1408.75,-4742.5,630.0,-152.0,-267.52,-266.0
1590.7931,830.027,-155.55,605.547,-1417.5,-4900.0,472.5,-150.48,-244.72,-270.56
1590.8431,833.199,-156.404,605.059,-1645.0,-4488.75,577.5,-152.0,-266.0,-278.16
1590.8931,831.003,-155.733,604.815,-1470.0,-4576.25,542.5,-156.56,-247.76,-273.6
1590.9431,830.393,-156.099,604.571,-1417.5,-4935.0,542.5,-130.72,-256.88,-269.04
1590.9931,833.138,-157.197,603.656,-1618.75,-4287.5,568.75,-144.4,-259.92,-267.52
1591.0431,829.844,-155.733,606.218,-1671.25,-4348.75,472.5,-147.44,-247.76,-279.68
1591.0931,832.284,-156.282,605.364,-1461.25,-4585.0,490.0,-148.96,-261.44,-278.16
1591.1431,831.186,-155.062,603.351,-1513.75,-4567.5,691.25,-138.32,-253.84,-276.64
1591.1931,830.393,-157.746,605.425,-1548.75,-4593.75,682.5,-150.48,-240.16,-272.08
1591.2431,830.576,-155.855,605.852,-1601.25,-4515.0,306.25,-148.96,-249.28,-256.88
1591.2931,830.881,-155.611,606.279,-1671.25,-4716.25,393.75,-152.0,-249.28,-273.6
1591.3431,829.661,-156.648,606.096,-1496.25,-4646.25,726.25,-148.96,-252.32,-267.52
1591.3931,832.223,-158.844,606.462,-1540.0,-4523.75,813.75,-144.4,-262.96,-278.16
1591.4431,830.881,-156.465,607.621,-1566.25,-4462.5,420.0,-158.08,-252.32,-273.6
1591.4931,832.223,-156.587,602.558,-1557.5,-4628.75,420.0,-147.44,-250.8,-279.68
1591.5431,829.295,-155.733,605.669,-1592.5,-4585.0,262.5,-136.8,-252.32,-270.56
1591.5931,832.589,-158.356,606.401,-1505.0,-4690.0,656.25,-159.6,-258.4,-275.12
1591.6431,831.613,-152.073,604.632,-1487.5,-4646.25,787.5,-133.76,-256.88,-278.16
1591.6931,833.199,-156.343,605.669,-1627.5,-4401.25,411.25,-135.28,-267.52,-273.6
1591.7431,831.43,-158.905,604.449,-1513.75,-4803.75,411.25,-148.96,-256.88,-284.24
1591.7931,831.491,-154.757,603.412,-1408.75,-4515.0,271.25,-144.4,-264.48,-272.08
1591.8431,830.149,-157.441,606.523,-1461.25,-4777.5,796.25,-139.84,-249.28,-275.12
1591.8931,830.21,-157.502,604.327,-1408.75,-4786.25,708.75,-138.32,-249.28,-266.0
1591.9431,829.356,-155.916,605.791,-1583.75,-4681.25,700.0,-142.88,-256.88,-266.0
1591.9931,834.48,-157.197,608.231,-1688.75,-4453.75,358.75,-152.0,-258.4,-275.12
1592.0431,834.053,-158.6,605.425,-1575.0,-4707.5,411.25,-150.48,-252.32,-267.52
1592.0931,831.064,-155.306,607.194,-1487.5,-4655.0,708.75,-148.96,-258.4,-261.44
1592.1431,831.857,-157.929,605.791,-1575.0,-4978.75,542.5,-144.4,-253.84,-276.64
1592.1932,830.515,-156.526,605.303,-1662.5,-4506.25,638.75,-138.32,-253.84,-279.68
1592.2431,830.881,-154.879,607.255,-1688.75,-4585.0,525.0,-150.48,-267.52,-279.68
1592.2931,831.613,-156.526,603.778,-1408.75,-4637.5,481.25,-135.28,-256.88,-266.0
1592.3431,831.43,-156.831,607.011,-1400.0,-5040.0,630.0,-150.48,-279.68,-270.56
1592.3931,831.247,-155.001,606.34,-1688.75,-4453.75,560.0,-138.32,-256.88,-253.84
1592.4431,835.09,-154.33,605.486,-1356.25,-4926.25,481.25,-138.32,-255.36,-270.56
1592.4931,829.539,-155.916,606.401,-1540.0,-4462.5,551.25,-148.96,-250.8,-262.96
1592.5431,833.931,-160.491,605.608,-1496.25,-4620.0,612.5,-139.84,-262.96,-270.56
1592.5931,832.711,-154.391,604.632,-1522.5,-4480.0,595.0,-142.88,-250.8,-275.12
1592.6431,830.454,-159.393,605.364,-1627.5,-4672.5,551.25,-147.44,-250.8,-290.32
1592.6931,833.748,-158.051,606.279,-1592.5,-4462.5,315.0,-158.08,-259.92,-269.04
1592.7431,831.125,-155.55,605.181,-1540.0,-4410.0,700.0,-148.96,-250.8,-275.12
1592.7931,830.637,-156.648,606.401,-1312.5,-4803.75,682.5,-145.92,-258.4,-279.68
1592.8431,832.04,-158.539,604.327,-1671.25,-4602.5,875.0,-144.4,-255.36,-262.96
1592.8931,831.308,-158.966,605.181,-1610.0,-4768.75,463.75,-148.96,-259.92,-259.92
1592.9431,830.942,-155.489,607.438,-1627.5,-4646.25,358.75,-153.52,-255.36,-269.04
1592.9931,829.905,-157.624,605.852,-1443.75,-4812.5,761.25,-138.32,-235.6,-285.76
1593.0431,832.162,-157.197,606.401,-1566.25,-4550.0,770.0,-144.4,-249.28,-284.24
1593.0931,833.809,-156.465,604.205,-1443.75,-4838.75,840.0,-148.96,-249.28,-264.48
1593.1431,832.894,-155.55,605.181,-1627.5,-4383.75,262.5,-150.48,-252.32,-273.6
1593.1931,828.929,-159.637,605.303,-1522.5,-4357.5,323.75,-144.4,-262.96,-273.6
1593.2431,830.515,-157.868,604.693,-1645.0,-4567.5,778.75,-141.36,-262.96,-279.68
1593.2931,830.271,-156.221,608.475,-1356.25,-5162.5,717.5,-158.08,-259.92,-278.16
1593.3431,833.382,-158.295,606.279,-1706.25,-4567.5,822.5,-152.0,-250.8,-279.68
1593.3931,831.613,-157.624,603.717,-1575.0,-4322.5,367.5,-152.0,-253.84,-281.2
1593.4431,833.992,-156.038,606.523,-1557.5,-4716.25,402.5,-130.72,-259.92,-272.08
1593.4931,830.82,-155.855,604.388,-1583.75,-4523.75,490.0,-139.84,-259.92,-270.56
1593.5432,832.162,-159.515,607.011,-1653.75,-4620.0,831.25,-139.84,-261.44,-272.08
1593.5931,831.491,-155.733,607.56,-1382.5,-4847.5,533.75,-152.0,-273.6,-270.56
1593.6431,830.759,-155.733,604.144,-1426.25,-4777.5,376.25,-156.56,-256.88,-267.52
1593.6931,832.04,-157.746,604.571,-1592.5,-4296.25,551.25,-152.0,-252.32,-282.72
1593.7431,827.892,-157.258,604.693,-1496.25,-4558.75,507.5,-135.28,-250.8,-272.08
1593.7931,829.295,-155.672,605.852,-1557.5,-4646.25,656.25,-153.52,-249.28,-267.52
1593.8431,829.966,-157.441,604.571,-1478.75,-4725.0,542.5,-155.04,-261.44,-278.16
1593.8931,833.26,-156.038,606.706,-1601.25,-4401.25,577.5,-145.92,-250.8,-275.12
1593.9431,829.966,-158.478,604.632,-1277.5,-4532.5,542.5,-142.88,-266.0,-266.0
1593.9931,831.491,-155.428,605.547,-1636.25,-4760.0,726.25,-144.4,-261.44,-272.08
1594.0431,831.43,-157.075,603.107,-1478.75,-4646.25,551.25,-148.96,-264.48,-281.2
1594.0931,829.356,-155.306,607.56,-1653.75,-4532.5,490.0,-139.84,-252.32,-264.48
1594.1431,830.576,-157.136,603.961,-1347.5,-4558.75,245.0,-141.36,-247.76,-287.28
1594.1931,830.637,-155.306,605.425,-1417.5,-4803.75,603.75,-156.56,-258.4,-262.96
1594.2431,830.942,-160.369,605.608,-1338.75,-4768.75,551.25,-153.52,-253.84,-273.6
1594.2931,831.491,-150.365,606.767,-1321.25,-4681.25,262.5,-158.08,-262.96,-278.16
1594.3431,833.687,-158.966,601.216,-1828.75,-4383.75,700.0,-145.92,-266.0,-278.16
1594.3931,831.003,-155.672,607.133,-1286.25,-4628.75,122.5,-144.4,-244.72,-266.0
1594.4431,830.393,-154.879,606.218,-1793.75,-4777.5,857.5,-142.88,-264.48,-275.12
1594.4931,829.234,-158.112,605.242,-1303.75,-4891.25,621.25,-147.44,-244.72,-267.52
1594.5431,830.088,-155.123,602.375,-1505.0,-4760.0,350.0,-144.4,-256.88,-262.96
1594.5931,831.979,-156.526,606.218,-1505.0,-4471.25,262.5,-144.4,-258.4,-269.04
1594.6431,829.844,-155.977,605.242,-1723.75,-4515.0,472.5,-144.4,-247.76,-276.64
1594.6931,830.027,-158.6,606.096,-1470.0,-4926.25,717.5,-138.32,-255.36,-281.2
1594.7431,831.674,-153.72,606.401,-1443.75,-4541.25,735.0,-132.24,-264.48,-279.68
1594.7931,830.393,-170.678,607.255,-1417.5,-4865.0,630.0,-153.52,-259.92,-272.08
1594.8431,835.578,-158.356,604.51,-1400.0,-4873.75,385.0,-155.04,-249.28,-273.6
1594.8933,831.247,-158.478,607.987,-1583.75,-4340.0,463.75,-153.52,-258.4,-262.96
1594.9431,829.661,-153.964,608.231,-1330.0,-4891.25,673.75,-150.48,-259.92,-275.12
1594.9931,832.345,-155.245,605.181,-1627.5,-4795.0,796.25,-144.4,-261.44,-269.04
1595.0431,832.528,-157.99,604.632,-1417.5,-4795.0,533.75,-142.88,-243.2,-270.56
1595.0931,831.796,-154.94,604.266,-1557.5,-4532.5,358.75,-144.4,-253.84,-266.0
1595.1431,831.43,-157.746,603.9,-1575.0,-4497.5,700.0,-144.4,-259.92,-269.04
1595.1931,831.857,-157.929,604.876,-1592.5,-4970.0,778.75,-167.2,-266.0,-270.56
1595.2431,832.711,-157.99,606.767,-1400.0,-4838.75,516.25,-136.8,-246.24,-276.64
1595.2931,829.966,-155.062,605.791,-1688.75,-4401.25,455.0,-141.36,-256.88,-273.6
1595.3431,831.369,-157.441,606.157,-1688.75,-4418.75,525.0,-153.52,-261.44,-281.2
1595.3931,829.905,-159.21,605.425,-1356.25,-4541.25,516.25,-147.44,-244.72,-261.44
1595.4431,832.223,-155.55,603.778,-1408.75,-4830.0,577.5,-135.28,-259.92,-275.12
1595.4931,830.149,-157.197,604.022,-1688.75,-4410.0,568.75,-139.84,-255.36,-287.28
1595.5431,832.284,-158.417,607.438,-1391.25,-4681.25,358.75,-145.92,-255.36,-270.56
1595.5931,833.748,-156.709,603.778,-1347.5,-4716.25,568.75,-145.92,-261.44,-269.04
1595.6431,831.735,-156.77,605.181,-1557.5,-4480.0,717.5,-135.28,-275.12,-267.52
1595.6931,829.966,-155.367,606.34,-1408.75,-4760.0,735.0,-148.96,-256.88,-276.64
1595.7431,832.711,-157.99,603.717,-1505.0,-4532.5,385.0,-153.52,-246.24,-279.68
1595.7931,831.003,-153.598,604.144,-1618.75,-4480.0,437.5,-144.4,-262.96,-261.44
1595.8431,829.417,-156.526,608.109,-1627.5,-4392.5,682.5,-158.08,-269.04,-276.64
1595.8931,832.345,-157.868,606.706,-1443.75,-4725.0,717.5,-168.72,-259.92,-267.52
1595.9431,832.284,-156.77,605.547,-1426.25,-4698.75,778.75,-141.36,-249.28,-287.28
1595.9931,832.894,-155.611,605.12,-1548.75,-4690.0,288.75,-144.4,-267.52,-267.52
1596.0431,830.393,-157.136,604.571,-1575.0,-4497.5,341.25,-148.96,-247.76,-272.08
1596.0931,830.027,-156.77,607.438,-1513.75,-4873.75,778.75,-136.8,-264.48,-270.56
1596.1431,830.515,-155.55,604.266,-1461.25,-4795.0,700.0,-147.44,-249.28,-264.48
1596.1931,830.881,-156.465,606.889,-1487.5,-4716.25,717.5,-142.88,-269.04,-276.64
1596.2431,829.356,-156.77,607.072,-1592.5,-4611.25,315.0,-144.4,-252.32,-281.2
1596.2931,831.491,-156.038,604.571,-1505.0,-4585.0,323.75,-136.8,-238.64,-270.56
1596.3432,829.478,-156.404,607.255,-1583.75,-4392.5,420.0,-144.4,-258.4,-261.44
1596.3931,830.149,-154.818,607.316,-1461.25,-4628.75,691.25,-147.44,-250.8,-276.64
1596.4431,832.772,-157.502,606.828,-1627.5,-4611.25,691.25,-156.56,-258.4,-275.12
1596.4931,830.698,-159.393,604.876,-1566.25,-4366.25,323.75,-144.4,-258.4,-261.44
1596.5431,830.332,-155.428,604.998,-1470.0,-4488.75,376.25,-162.64,-262.96,-262.96
1596.5931,830.332,-155.489,605.059,-1645.0,-4567.5,621.25,-136.8,-264.48,-275.12
1596.6431,829.295,-156.709,605.242,-1618.75,-4838.75,621.25,-147.44,-258.4,-266.0
1596.6931,831.979,-156.404,605.486,-1487.5,-4768.75,621.25,-144.4,-240.16,-279.68
1596.7431,828.746,-155.977,605.364,-1461.25,-4655.0,358.75,-164.16,-267.52,-253.84
1596.7931,830.149,-155.794,606.645,-1636.25,-4585.0,577.5,-147.44,-244.72,-261.44
1596.8431,831.369,-158.173,603.107,-1356.25,-4655.0,586.25,-133.76,-258.4,-285.76
1596.8931,830.027,-155.245,605.425,-1391.25,-4602.5,621.25,-129.2,-252.32,-269.04
1596.9431,830.149,-160.003,604.51,-1610.0,-4821.25,568.75,-165.68,-244.72,-269.04
1596.9931,830.332,-157.319,604.327,-1680.0,-4375.0,525.0,-153.52,-262.96,-273.6
1597.0431,830.82,-155.306,605.242,-1513.75,-4628.75,673.75,-139.84,-231.04,-273.6
1597.0931,828.197,-156.282,604.693,-1461.25,-4576.25,665.0,-148.96,-259.92,-278.16
1597.1431,832.345,-157.441,606.096,-1645.0,-4628.75,472.5,-136.8,-261.44,-272.08
1597.1931,832.223,-156.465,605.12,-1522.5,-4488.75,367.5,-153.52,-232.56,-275.12
1597.2431,830.576,-157.807,604.998,-1618.75,-4655.0,376.25,-150.48,-252.32,-259.92
1597.2931,829.966,-155.611,605.059,-1365.0,-4690.0,787.5,-152.0,-258.4,-259.92
1597.3431,831.735,-156.587,603.717,-1435.0,-4716.25,770.0,-142.88,-262.96,-270.56
1597.3931,830.515,-157.258,607.743,-1426.25,-4663.75,358.75,-133.76,-238.64,-269.04
1597.4431,831.186,-157.075,605.364,-1802.5,-4515.0,455.0,-141.36,-252.32,-256.88
1597.4931,829.539,-156.465,603.595,-1417.5,-4777.5,420.0,-155.04,-252.32,-285.76
1597.5431,830.454,-154.574,604.51,-1461.25,-4961.25,700.0,-155.04,-259.92,-264.48
1597.5931,834.541,-156.648,603.595,-1478.75,-4506.25,778.75,-132.24,-262.96,-276.64
1597.6431,829.966,-155.001,606.157,-1557.5,-4576.25,752.5,-144.4,-272.08,-264.48
1597.6933,829.173,-158.661,605.242,-1575.0,-4681.25,393.75,-158.08,-256.88,-266.0
1597.7431,830.454,-154.879,606.34,-1741.25,-4305.0,507.5,-141.36,-252.32,-282.72
1597.7931,831.613,-159.82,604.693,-1566.25,-4628.75,848.75,-147.44,-264.48,-272.08
1597.8431,830.088,-153.476,604.083,-1540.0,-4751.25,813.75,-141.36,-261.44,-249.28
1597.8931,833.199,-157.441,603.29,-1356.25,-4830.0,568.75,-164.16,-278.16,-259.92
1597.9431,830.515,-156.709,604.449,-1487.5,-4637.5,332.5,-150.48,-258.4,-270.56
1597.9931,833.016,-159.271,603.29,-1443.75,-4672.5,437.5,-155.04,-259.92,-266.0
1598.0431,832.406,-155.062,608.658,-1496.25,-4532.5,770.0,-144.4,-253.84,-278.16
1598.0931,832.345,-157.685,604.571,-1592.5,-4558.75,612.5,-171.76,-246.24,-272.08
1598.1431,832.65,-157.685,605.913,-1496.25,-4900.0,507.5,-152.0,-255.36,-273.6
1598.1931,830.454,-156.953,607.072,-1330.0,-4550.0,393.75,-141.36,-243.2,-270.56
1598.2431,831.674,-157.929,604.876,-1522.5,-4690.0,726.25,-145.92,-259.92,-276.64
1598.2931,832.101,-155.367,605.791,-1487.5,-4681.25,568.75,-153.52,-266.0,-266.0
1598.3431,832.04,-154.33,604.754,-1531.25,-4891.25,647.5,-148.96,-259.92,-266.0
1598.3931,830.515,-155.245,601.704,-1548.75,-4383.75,385.0,-136.8,-252.32,-266.0
1598.4431,830.21,-157.197,606.157,-1566.25,-4690.0,673.75,-152.0,-247.76,-284.24
1598.4931,831.003,-157.746,604.388,-1478.75,-4541.25,612.5,-141.36,-264.48,-276.64
1598.5431,831.308,-154.574,606.401,-1548.75,-4576.25,813.75,-148.96,-258.4,-267.52
1598.5931,831.003,-156.831,606.645,-1575.0,-4672.5,385.0,-152.0,-246.24,-266.0
1598.6431,832.223,-157.014,604.571,-1522.5,-4558.75,393.75,-155.04,-246.24,-275.12
1598.6931,829.295,-157.746,605.608,-1435.0,-4760.0,700.0,-156.56,-269.04,-282.72
1598.7431,828.99,-156.648,605.364,-1566.25,-4795.0,857.5,-141.36,-262.96,-270.56
1598.7931,830.393,-155.916,605.059,-1470.0,-4900.0,700.0,-144.4,-240.16,-258.4
1598.8431,831.125,-157.136,604.937,-1548.75,-4471.25,367.5,-152.0,-264.48,-279.68
1598.8931,832.04,-157.441,604.876,-1645.0,-4436.25,341.25,-164.16,-259.92,-270.56
1598.9431,829.661,-156.099,604.632,-1461.25,-4690.0,665.0,-148.96,-270.56,-270.56
1598.9931,831.43,-157.807,606.157,-1548.75,-4733.75,778.75,-138.32,-256.88,-273.6
1599.0431,829.966,-156.343,604.266,-1312.5,-4847.5,665.0,-155.04,-259.92,-278.16
1599.0931,830.942,-156.221,604.083,-1505.0,-4663.75,420.0,-144.4,-250.8,-273.6
1599.1432,832.04,-156.526,603.229,-1487.5,-4480.0,306.25,-144.4,-258.4,-270.56
1599.1931,829.051,-158.173,605.73,-1461.25,-4742.5,551.25,-150.48,-259.92,-266.0
1599.2431,831.125,-157.258,604.937,-1461.25,-4795.0,595.0,-152.0,-266.0,-273.6
1599.2931,831.491,-155.977,605.852,-1741.25,-4777.5,700.0,-152.0,-261.44,-284.24
1599.3431,828.563,-158.173,602.985,-1575.0,-4313.75,315.0,-150.48,-252.32,-276.64
1599.3931,831.491,-157.258,605.12,-1470.0,-4567.5,402.5,-139.84,-256.88,-275.12
1599.4431,829.295,-157.685,605.791,-1435.0,-4480.0,560.0,-145.92,-267.52,-276.64
1599.4931,829.478,-155.672,606.645,-1618.75,-4663.75,761.25,-162.64,-258.4,-253.84
1599.5431,831.064,-159.088,605.608,-1513.75,-4392.5,481.25,-126.16,-258.4,-273.6
1599.5931,831.003,-155.733,607.865,-1513.75,-4471.25,306.25,-145.92,-252.32,-279.68
1599.6431,830.332,-154.025,605.547,-1470.0,-4681.25,516.25,-144.4,-255.36,-278.16
1599.6931,830.698,-155.489,602.741,-1636.25,-4585.0,813.75,-144.4,-256.88,-272.08
1599.7431,832.65,-158.905,604.205,-1592.5,-4418.75,551.25,-150.48,-253.84,-276.64
1599.7931,828.441,-155.977,606.279,-1382.5,-4917.5,463.75,-126.16,-266.0,-266.0
1599.8431,830.027,-155.367,607.316,-1627.5,-4445.0,393.75,-156.56,-252.32,-267.52
1599.8931,829.661,-157.685,606.096,-1732.5,-4541.25,848.75,-147.44,-255.36,-273.6
1599.9431,831.918,-157.807,603.9,-1268.75,-4821.25,621.25,-135.28,-261.44,-269.04
1599.9931,831.003,-153.476,605.12,-1487.5,-4550.0,332.5,-141.36,-262.96,-287.28
1600.0431,829.295,-158.051,602.985,-1715.0,-4628.75,638.75,-156.56,-256.88,-267.52
1600.0931,830.759,-158.112,606.584,-1487.5,-4357.5,183.75,-170.24,-250.8,-279.68
1600.1431,828.807,-155.489,608.048,-1382.5,-4515.0,638.75,-129.2,-253.84,-261.44
1600.1931,828.868,-156.038,603.046,-1627.5,-4943.75,813.75,-148.96,-258.4,-278.16
1600.2431,830.21,-157.075,604.144,-1706.25,-4628.75,568.75,-168.72,-269.04,-278.16
1600.2931,830.21,-156.526,602.985,-1487.5,-4427.5,218.75,-158.08,-253.84,-256.88
1600.3431,830.393,-156.77,605.669,-1601.25,-4795.0,393.75,-145.92,-253.84,-272.08
1600.3931,830.271,-155.245,604.754,-1583.75,-4541.25,831.25,-144.4,-262.96,-273.6
1600.4431,827.831,-159.088,605.242,-1426.25,-4882.5,770.0,-153.52,-269.04,-276.64
1600.4933,831.857,-156.953,604.022,-1496.25,-4506.25,673.75,-142.88,-253.84,-275.12
1600.5431,829.234,-154.635,605.12,-1741.25,-4488.75,420.0,-156.56,-253.84,-264.48
1600.5931,830.759,-157.685,606.706,-1487.5,-4838.75,393.75,-153.52,-264.48,-246.24
1600.6431,832.406,-158.356,604.205,-1286.25,-4733.75,647.5,-153.52,-250.8,-276.64
1600.6931,829.295,-155.672,603.961,-1505.0,-4558.75,630.0,-124.64,-255.36,-264.48
1600.7431,829.905,-157.014,604.876,-1548.75,-4795.0,682.5,-147.44,-253.84,-262.96
1600.7931,831.674,-158.417,604.083,-1478.75,-4550.0,385.0,-153.52,-244.72,-264.48
1600.8431,829.661,-158.722,604.266,-1531.25,-4550.0,481.25,-142.88,-270.56,-261.44
1600.8931,830.942,-155.977,603.595,-1592.5,-4838.75,805.0,-144.4,-253.84,-276.64
1600.9431,832.101,-156.526,603.717,-1548.75,-4585.0,577.5,-161.12,-269.04,-270.56
1600.9931,829.966,-155.245,604.449,-1487.5,-4628.75,551.25,-164.16,-253.84,-278.16
1601.0431,831.308,-155.916,605.547,-1443.75,-4628.75,437.5,-152.0,-246.24,-267.52
1601.0931,829.6,-158.905,606.218,-1496.25,-4436.25,498.75,-142.88,-256.88,-267.52
1601.1431,830.576,-156.526,604.083,-1443.75,-4838.75,612.5,-165.68,-252.32,-266.0
1601.1931,830.759,-154.818,605.791,-1531.25,-4725.0,507.5,-161.12,-256.88,-266.0
1601.2431,831.491,-160.369,603.168,-1540.0,-4515.0,358.75,-141.36,-253.84,-256.88
1601.2931,829.844,-155.916,605.242,-1347.5,-4523.75,428.75,-138.32,-258.4,-270.56
1601.3431,831.43,-157.014,605.425,-1645.0,-4471.25,595.0,-153.52,-269.04,-267.52
1601.3931,829.356,-155.428,607.377,-1461.25,-4593.75,717.5,-147.44,-256.88,-270.56
1601.4431,830.942,-157.624,605.364,-1653.75,-4550.0,568.75,-145.92,-243.2,-264.48
1601.4931,832.04,-156.709,605.669,-1531.25,-4488.75,306.25,-147.44,-270.56,-269.04
1601.5431,831.674,-155.672,605.12,-1627.5,-4480.0,717.5,-152.0,-259.92,-273.6
1601.5931,830.576,-158.295,604.998,-1417.5,-4742.5,717.5,-141.36,-266.0,-270.56
1601.6431,830.149,-154.635,606.34,-1513.75,-4716.25,778.75,-135.28,-249.28,-258.4
1601.6931,830.759,-157.014,605.913,-1627.5,-4471.25,376.25,-139.84,-259.92,-273.6
1601.7431,829.722,-155.062,606.218,-1470.0,-4620.0,280.0,-141.36,-252.32,-259.92
1601.7931,830.637,-156.404,604.327,-1435.0,-4882.5,778.75,-148.96,-253.84,-275.12
1601.8431,831.918,-156.953,605.791,-1531.25,-4480.0,761.25,-147.44,-256.88,-266.0
1601.8931,830.271,-155.611,605.608,-1470.0,-4567.5,647.5,-145.92,-247.76,-253.84
1601.9432,830.454,-154.94,605.486,-1645.0,-4602.5,306.25,-141.36,-252.32,-272.08
1601.9931,830.942,-157.685,604.144,-1478.75,-4453.75,306.25,-165.68,-269.04,-278.16
1602.0431,830.698,-156.648,606.157,-1583.75,-4725.0,498.75,-150.48,-256.88,-275.12
1602.0931,830.332,-155.184,604.937,-1610.0,-4760.0,752.5,-150.48,-247.76,-259.92
1602.1431,830.576,-156.648,606.706,-1496.25,-4707.5,708.75,-162.64,-240.16,-266.0
1602.1931,829.722,-156.526,606.279,-1618.75,-4532.5,393.75,-158.08,-259.92,-281.2
1602.2431,831.064,-155.306,605.791,-1417.5,-4550.0,323.75,-138.32,-262.96,-270.56
1602.2931,829.722,-157.136,606.584,-1592.5,-4838.75,603.75,-136.8,-261.44,-273.6
1602.3431,831.552,-155.062,605.059,-1531.25,-4655.0,735.0,-159.6,-250.8,-282.72
1602.3931,829.234,-155.733,604.205,-1566.25,-4593.75,612.5,-156.56,-244.72,-279.68
1602.4431,830.759,-158.051,604.632,-1540.0,-4340.0,323.75,-136.8,-244.72,-275.12
1602.4931,830.088,-156.892,605.608,-1452.5,-4760.0,507.5,-138.32,-259.92,-270.56
1602.5431,829.112,-156.526,606.035,-1522.5,-4471.25,568.75,-152.0,-267.52,-272.08
1602.5931,831.369,-155.55,606.096,-1548.75,-4541.25,568.75,-155.04,-253.84,-272.08
1602.6431,831.491,-158.112,605.303,-1522.5,-4891.25,560.0,-164.16,-262.96,-278.16
1602.6931,832.345,-157.624,604.998,-1575.0,-4672.5,411.25,-139.84,-264.48,-264.48
1602.7431,830.637,-155.977,606.584,-1627.5,-4576.25,603.75,-161.12,-255.36,-266.0
1602.7931,831.125,-158.051,605.852,-1443.75,-4742.5,638.75,-139.84,-255.36,-275.12
1602.8431,829.661,-156.099,606.218,-1496.25,-4803.75,568.75,-161.12,-252.32,-270.56
1602.8931,831.003,-158.051,605.486,-1452.5,-4488.75,385.0,-153.52,-259.92,-282.72
1602.9431,830.759,-155.062,605.303,-1513.75,-4506.25,481.25,-155.04,-253.84,-272.08
1602.9931,831.796,-158.478,605.059,-1487.5,-4550.0,735.0,-138.32,-258.4,-266.0
1603.0431,832.162,-156.099,605.425,-1400.0,-4952.5,656.25,-147.44,-264.48,-269.04
1603.0931,830.332,-157.258,606.706,-1470.0,-4655.0,367.5,-162.64,-264.48,-272.08
1603.1431,830.881,-155.184,607.133,-1575.0,-4742.5,358.75,-147.44,-247.76,-269.04
1603.1931,831.003,-158.844,605.425,-1653.75,-4497.5,402.5,-141.36,-247.76,-266.0
1603.2431,830.515,-155.855,605.913,-1496.25,-4576.25,638.75,-153.52,-252.32,-276.64
1603.2933,831.369,-157.746,607.194,-1645.0,-4751.25,813.75,-150.48,-259.92,-279.68
1603.3431,833.199,-156.038,607.133,-1610.0,-4480.0,332.5,-141.36,-259.92,-278.16
1603.3931,830.881,-156.587,605.303,-1610.0,-4541.25,253.75,-148.96,-252.32,-275.12
1603.4431,827.587,-156.587,606.401,-1531.25,-4506.25,367.5,-145.92,-246.24,-267.52
1603.4931,831.308,-157.197,603.412,-1461.25,-4786.25,778.75,-152.0,-252.32,-279.68
1603.5431,829.905,-155.306,605.974,-1575.0,-4506.25,656.25,-139.84,-249.28,-275.12
1603.5931,827.77,-156.404,604.998,-1540.0,-4882.5,630.0,-130.72,-252.32,-273.6
1603.6431,829.905,-154.879,606.218,-1548.75,-4480.0,472.5,-138.32,-264.48,-264.48
1603.6931,829.844,-156.648,604.815,-1347.5,-4637.5,446.25,-176.32,-262.96,-272.08
1603.7431,828.807,-157.868,607.743,-1461.25,-4585.0,761.25,-152.0,-249.28,-288.8
1603.7931,829.478,-154.94,604.327,-1478.75,-4637.5,621.25,-145.92,-259.92,-272.08
1603.8431,827.221,-156.892,603.229,-1470.0,-4707.5,507.5,-150.48,-264.48,-262.96
1603.8931,829.417,-156.038,605.669,-1575.0,-4681.25,437.5,-165.68,-255.36,-267.52
1603.9431,829.661,-156.038,606.828,-1618.75,-4786.25,603.75,-145.92,-253.84,-281.2
1603.9931,832.04,-156.587,606.279,-1470.0,-4611.25,568.75,-132.24,-262.96,-266.0
1604.0431,831.735,-155.733,605.303,-1452.5,-4646.25,525.0,-159.6,-259.92,-262.96
1604.0931,831.369,-155.733,604.571,-1575.0,-4663.75,376.25,-156.56,-258.4,-281.2
1604.1431,830.027,-157.746,605.303,-1338.75,-4611.25,481.25,-142.88,-252.32,-273.6
1604.1931,832.894,-158.234,605.669,-1505.0,-4803.75,673.75,-139.84,-255.36,-267.52
1604.2431,833.748,-153.842,605.791,-1400.0,-4760.0,787.5,-142.88,-249.28,-279.68
1604.2931,831.613,-156.282,604.144,-1435.0,-4760.0,463.75,-148.96,-259.92,-270.56
1604.3431,832.04,-156.099,606.096,-1618.75,-4558.75,350.0,-159.6,-255.36,-262.96
1604.3931,832.04,-157.624,606.157,-1496.25,-4558.75,577.5,-127.68,-267.52,-284.24
1604.4431,832.955,-157.624,604.632,-1513.75,-4707.5,787.5,-162.64,-269.04,-270.56
1604.4931,828.319,-157.319,606.218,-1461.25,-4602.5,665.0,-161.12,-255.36,-278.16
1604.5431,829.234,-155.916,605.669,-1548.75,-4602.5,411.25,-145.92,-246.24,-279.68
1604.5931,832.345,-158.844,605.669,-1653.75,-4471.25,315.0,-147.44,-261.44,-256.88
1604.6431,831.308,-156.465,604.815,-1583.75,-4401.25,717.5,-153.52,-259.92,-281.2
1604.6931,830.759,-157.258,607.926,-1408.75,-4751.25,717.5,-141.36,-267.52,-272.08
1604.7432,832.101,-156.343,603.839,-1470.0,-4567.5,813.75,-135.28,-252.32,-272.08
1604.7931,829.783,-157.563,605.059,-1531.25,-4418.75,350.0,-158.08,-269.04,-261.44
1604.8431,830.698,-156.892,605.913,-1680.0,-4733.75,367.5,-158.08,-253.84,-273.6
1604.8931,828.136,-156.709,604.266,-1636.25,-4497.5,367.5,-142.88,-240.16,-272.08
1604.9431,829.112,-157.441,603.717,-1540.0,-4523.75,630.0,-150.48,-253.84,-284.24
1604.9931,830.21,-157.197,604.205,-1557.5,-4611.25,533.75,-148.96,-259.92,-259.92
1605.0431,830.21,-156.221,606.279,-1496.25,-4690.0,262.5,-144.4,-256.88,-264.48
1605.0931,829.783,-158.6,605.913,-1583.75,-4532.5,367.5,-135.28,-267.52,-272.08
1605.1431,832.345,-158.478,603.29,-1470.0,-4506.25,411.25,-156.56,-261.44,-264.48
1605.1931,831.369,-155.123,606.828,-1373.75,-4891.25,577.5,-153.52,-262.96,-273.6
1605.2431,829.234,-154.635,604.571,-1601.25,-4550.0,577.5,-147.44,-255.36,-278.16
1605.2931,831.186,-154.33,604.51,-1697.5,-4655.0,533.75,-132.24,-261.44,-264.48
1605.3431,833.077,-158.234,605.181,-1391.25,-4488.75,341.25,-156.56,-253.84,-279.68
1605.3931,831.369,-156.953,604.937,-1522.5,-4515.0,525.0,-144.4,-253.84,-282.72
1605.4431,830.637,-156.282,605.12,-1548.75,-4602.5,665.0,-158.08,-255.36,-267.52
1605.4931,831.796,-157.868,604.693,-1470.0,-4856.25,481.25,-153.52,-276.64,-276.64
1605.5431,832.284,-157.258,604.51,-1680.0,-4550.0,411.25,-148.96,-272.08,-262.96
1605.5931,829.478,-156.038,605.791,-1531.25,-4243.75,498.75,-144.4,-255.36,-262.96
1605.6431,829.844,-155.672,605.669,-1435.0,-4838.75,735.0,-148.96,-266.0,-264.48
1605.6931,831.308,-156.099,605.547,-1417.5,-4847.5,621.25,-142.88,-243.2,-246.24
1605.7431,832.833,-157.136,604.632,-1443.75,-4488.75,446.25,-153.52,-258.4,-279.68
1605.7931,829.844,-157.563,603.839,-1566.25,-4620.0,306.25,-145.92,-253.84,-270.56
1605.8431,831.674,-157.685,603.168,-1487.5,-4655.0,595.0,-141.36,-269.04,-270.56
1605.8931,830.271,-155.306,605.669,-1487.5,-4725.0,857.5,-153.52,-253.84,-266.0
1605.9431,831.735,-157.868,606.218,-1548.75,-4812.5,437.5,-170.24,-253.84,-276.64
1605.9931,831.369,-155.367,606.462,-1592.5,-4602.5,376.25,-141.36,-250.8,-262.96
1606.0431,831.369,-160.735,603.961,-1601.25,-4681.25,297.5,-142.88,-259.92,-276.64
1606.0933,830.881,-156.16,604.998,-1382.5,-4698.75,700.0,-161.12,-253.84,-279.68
1606.1431,828.563,-156.831,606.401,-1522.5,-4593.75,735.0,-155.04,-250.8,-273.6
1606.1931,830.271,-158.234,603.717,-1583.75,-4716.25,446.25,-145.92,-261.44,-281.2
1606.2431,829.234,-157.563,603.9,-1522.5,-4812.5,253.75,-168.72,-259.92,-264.48
1606.2931,830.881,-156.648,605.12,-1627.5,-4480.0,402.5,-145.92,-275.12,-273.6
1606.3431,831.857,-157.502,605.486,-1566.25,-4541.25,787.5,-141.36,-269.04,-276.64
1606.3931,832.04,-157.136,605.059,-1452.5,-4751.25,787.5,-144.4,-258.4,-272.08
1606.4431,831.186,-157.319,605.181,-1452.5,-4733.75,656.25,-165.68,-247.76,-269.04
1606.4931,830.698,-158.905,606.645,-1505.0,-4515.0,280.0,-142.88,-246.24,-275.12
1606.5431,830.271,-157.319,604.083,-1540.0,-4865.0,498.75,-142.88,-262.96,-270.56
1606.5931,832.101,-158.112,604.327,-1417.5,-4838.75,647.5,-162.64,-262.96,-272.08
1606.6431,831.796,-158.417,605.852,-1487.5,-4742.5,665.0,-152.0,-247.76,-279.68
1606.6931,830.576,-157.746,606.584,-1575.0,-4523.75,507.5,-156.56,-252.32,-275.12
1606.7431,832.223,-157.685,606.767,-1627.5,-4532.5,367.5,-156.56,-262.96,-266.0
1606.7931,831.918,-158.112,604.083,-1627.5,-4628.75,428.75,-164.16,-262.96,-272.08
1606.8431,829.295,-155.733,606.462,-1478.75,-4497.5,700.0,-145.92,-253.84,-288.8
1606.8931,833.016,-157.319,604.571,-1513.75,-4611.25,603.75,-141.36,-261.44,-281.2
1606.9431,830.21,-155.977,603.839,-1347.5,-4865.0,385.0,-155.04,-266.0,-267.52
1606.9931,830.149,-157.563,606.035,-1461.25,-4698.75,472.5,-144.4,-253.84,-267.52
1607.0431,829.966,-157.38,601.582,-1575.0,-4620.0,560.0,-142.88,-269.04,-273.6
1607.0931,831.979,-155.184,605.547,-1496.25,-4978.75,752.5,-142.88,-264.48,-272.08
1607.1431,829.356,-158.905,603.961,-1548.75,-4663.75,481.25,-158.08,-259.92,-278.16
1607.1931,831.491,-157.197,604.571,-1627.5,-4497.5,358.75,-148.96,-247.76,-275.12
1607.2431,832.04,-155.55,604.51,-1557.5,-4558.75,603.75,-138.32,-253.84,-267.52
1607.2931,831.003,-157.99,607.621,-1505.0,-4532.5,665.0,-150.48,-269.04,-270.56
1607.3431,831.43,-157.319,605.364,-1470.0,-5057.5,717.5,-153.52,-250.8,-270.56
1607.3931,827.831,-158.234,602.619,-1583.75,-4672.5,420.0,-138.32,-250.8,-281.2
1607.4431,829.356,-157.014,606.706,-1531.25,-4567.5,323.75,-148.96,-246.24,-279.68
1607.4931,829.539,-155.672,605.059,-1513.75,-4760.0,560.0,-148.96,-261.44,-282.72
1607.5432,831.186,-159.332,604.937,-1356.25,-4663.75,638.75,-142.88,-252.32,-275.12
1607.5931,831.369,-157.075,606.34,-1601.25,-4593.75,761.25,-147.44,-246.24,-269.04
1607.6431,833.321,-157.38,606.706,-1496.25,-4681.25,315.0,-145.92,-262.96,-264.48
1607.6931,829.966,-156.526,604.449,-1627.5,-4480.0,306.25,-162.64,-281.2,-264.48
1607.7431,832.406,-156.709,605.486,-1505.0,-4611.25,358.75,-145.92,-256.88,-266.0
1607.7931,830.149,-156.526,607.621,-1478.75,-4585.0,770.0,-136.8,-269.04,-259.92
1607.8431,829.783,-154.208,603.107,-1487.5,-4471.25,822.5,-153.52,-261.44,-267.52
1607.8931,830.759,-156.648,605.12,-1531.25,-4628.75,341.25,-155.04,-250.8,-273.6
1607.9431,830.454,-157.441,603.29,-1566.25,-4515.0,376.25,-142.88,-258.4,-259.92
1607.9931,830.271,-158.356,606.95,-1557.5,-4593.75,525.0,-152.0,-275.12,-267.52
1608.0431,830.393,-157.685,604.571,-1592.5,-4637.5,743.75,-156.56,-262.96,-267.52
1608.0931,828.563,-156.892,605.12,-1496.25,-4663.75,700.0,-148.96,-253.84,-262.96
1608.1431,830.515,-159.576,607.743,-1653.75,-4506.25,507.5,-141.36,-256.88,-264.48
1608.1931,831.552,-155.062,604.449,-1435.0,-4742.5,393.75,-167.2,-259.92,-270.56
1608.2431,831.003,-157.441,604.632,-1548.75,-4366.25,560.0,-161.12,-252.32,-266.0
1608.2931,830.576,-156.648,605.669,-1391.25,-4620.0,717.5,-130.72,-261.44,-270.56
1608.3431,831.125,-155.672,603.229,-1592.5,-4655.0,586.25,-161.12,-262.96,-272.08
1608.3931,830.454,-157.258,605.059,-1575.0,-4777.5,481.25,-153.52,-258.4,-262.96
1608.4431,829.6,-157.746,603.778,-1522.5,-4856.25,568.75,-144.4,-250.8,-259.92
1608.4931,833.26,-156.831,605.791,-1443.75,-4795.0,621.25,-145.92,-247.76,-285.76
1608.5431,829.539,-157.197,604.876,-1478.75,-4751.25,516.25,-139.84,-258.4,-269.04
1608.5931,829.051,-155.55,606.523,-1496.25,-4812.5,420.0,-170.24,-269.04,-272.08
1608.6431,829.844,-157.136,604.327,-1540.0,-4567.5,446.25,-147.44,-252.32,-287.28
1608.6931,829.051,-157.258,604.815,-1557.5,-4305.0,551.25,-141.36,-261.44,-262.96
1608.7431,829.905,-157.136,607.133,-1443.75,-5022.5,752.5,-139.84,-269.04,-258.4
1608.7931,831.247,-156.038,604.937,-1478.75,-4838.75,350.0,-152.0,-266.0,-275.12
1608.8431,829.966,-156.77,603.229,-1548.75,-4672.5,288.75,-138.32,-259.92,-266.0
1608.8931,830.881,-156.953,605.73,-1592.5,-4506.25,341.25,-141.36,-266.0,-252.32
1608.9431,830.698,-157.136,607.255,-1496.25,-4593.75,551.25,-147.44,-249.28,-273.6
1608.9932,829.295,-158.478,602.924,-1496.25,-4847.5,770.0,-159.6,-252.32,-261.44
1609.0431,832.955,-156.526,603.595,-1548.75,-4698.75,297.5,-133.76,-256.88,-276.64
1609.0931,830.576,-157.807,605.364,-1636.25,-4375.0,280.0,-139.84,-269.04,-272.08
1609.1431,829.722,-157.38,605.181,-1575.0,-4506.25,315.0,-156.56,-250.8,-266.0
1609.1931,832.162,-156.892,605.669,-1443.75,-4742.5,787.5,-153.52,-255.36,-262.96
1609.2431,830.881,-156.953,604.876,-1522.5,-4515.0,813.75,-155.04,-261.44,-272.08
1609.2931,830.515,-156.526,605.303,-1470.0,-4786.25,770.0,-148.96,-262.96,-270.56
1609.3431,829.539,-157.075,605.12,-1443.75,-4506.25,297.5,-155.04,-261.44,-269.04
1609.3931,834.419,-158.6,604.327,-1513.75,-4611.25,358.75,-142.88,-275.12,-275.12
1609.4431,830.698,-157.929,604.327,-1452.5,-4786.25,735.0,-155.04,-273.6,-273.6
1609.4931,832.406,-157.99,605.791,-1566.25,-4418.75,752.5,-144.4,-259.92,-288.8
1609.5431,826.733,-157.441,603.778,-1531.25,-4821.25,603.75,-132.24,-258.4,-279.68
1609.5931,829.905,-157.807,604.998,-1592.5,-4628.75,507.5,-139.84,-250.8,-282.72
1609.6431,828.624,-157.014,607.499,-1513.75,-4716.25,411.25,-159.6,-261.44,-273.6
1609.6931,830.454,-157.075,602.802,-1452.5,-5022.5,778.75,-141.36,-276.64,-278.16
1609.7431,832.223,-160.613,603.534,-1435.0,-4733.75,656.25,-141.36,-256.88,-281.2
1609.7931,831.247,-155.184,606.767,-1583.75,-4471.25,551.25,-152.0,-267.52,-278.16
1609.8431,830.149,-155.794,605.791,-1575.0,-4672.5,498.75,-158.08,-266.0,-272.08
1609.8931,833.016,-157.38,606.889,-1548.75,-5048.75,577.5,-144.4,-259.92,-259.92
1609.9431,830.759,-156.648,604.937,-1610.0,-4523.75,717.5,-136.8,-253.84,-281.2
1609.9931,830.088,-157.624,605.73,-1548.75,-4532.5,507.5,-141.36,-249.28,-272.08
1610.0431,829.661,-157.014,606.218,-1575.0,-4655.0,402.5,-170.24,-264.48,-266.0
1610.0931,830.393,-156.16,605.12,-1522.5,-4550.0,490.0,-133.76,-264.48,-282.72
1610.1431,830.637,-155.855,605.791,-1496.25,-4375.0,673.75,-132.24,-250.8,-253.84
1610.1931,829.661,-157.624,606.706,-1496.25,-4663.75,787.5,-148.96,-262.96,-285.76
1610.2431,831.003,-159.027,604.571,-1592.5,-4856.25,533.75,-155.04,-266.0,-291.84
1610.2931,833.26,-154.757,604.083,-1732.5,-4620.0,358.75,-152.0,-247.76,-269.04
1610.3433,829.051,-155.428,605.242,-1513.75,-4637.5,752.5,-136.8,-250.8,-270.56
1610.3931,831.186,-155.367,607.438,-1373.75,-4777.5,603.75,-145.92,-258.4,-270.56
1610.4432,828.624,-160.247,606.828,-1557.5,-4821.25,945.0,-136.8,-247.76,-278.16
1610.4931,830.332,-156.953,604.937,-1715.0,-4427.5,420.0,-139.84,-256.88,-270.56
1610.5431,829.112,-156.77,608.109,-1461.25,-4908.75,428.75,-159.6,-259.92,-269.04
1610.5931,829.661,-156.099,603.412,-1566.25,-4410.0,315.0,-148.96,-266.0,-276.64
1610.6431,830.088,-156.038,605.791,-1592.5,-4698.75,796.25,-152.0,-255.36,-270.56
1610.6931,831.247,-158.173,602.619,-1260.0,-4716.25,560.0,-138.32,-249.28,-258.4
1610.7431,830.637,-157.075,604.998,-1557.5,-4646.25,315.0,-145.92,-264.48,-288.8
1610.7931,830.027,-157.929,609.268,-1575.0,-4620.0,323.75,-135.28,-249.28,-270.56
1610.8431,832.04,-156.404,605.669,-1610.0,-4690.0,498.75,-132.24,-250.8,-287.28
1610.8931,833.809,-158.966,605.181,-1496.25,-4628.75,752.5,-164.16,-264.48,-284.24
1610.9431,830.393,-156.587,607.133,-1566.25,-4611.25,752.5,-152.0,-247.76,-276.64
1610.9931,831.247,-158.722,604.754,-1627.5,-4725.0,341.25,-159.6,-249.28,-275.12
1611.0431,831.308,-156.77,605.547,-1505.0,-4847.5,411.25,-147.44,-256.88,-273.6
1611.0931,831.491,-160.247,605.486,-1548.75,-4681.25,551.25,-158.08,-246.24,-266.0
1611.1431,831.613,-156.526,606.157,-1242.5,-4532.5,595.0,-138.32,-240.16,-261.44
1611.1931,829.356,-157.38,607.438,-1592.5,-4462.5,603.75,-158.08,-246.24,-266.0
1611.2431,829.783,-157.258,604.937,-1522.5,-4515.0,428.75,-167.2,-250.8,-276.64
1611.2931,831.979,-156.831,603.656,-1513.75,-4628.75,428.75,-150.48,-250.8,-276.64
1611.3431,833.443,-158.112,605.12,-1531.25,-4812.5,656.25,-144.4,-259.92,-273.6
1611.3931,831.369,-154.94,603.778,-1671.25,-4497.5,630.0,-136.8,-267.52,-279.68
1611.4431,830.027,-158.539,604.937,-1417.5,-4760.0,446.25,-156.56,-262.96,-284.24
1611.4931,833.26,-155.733,606.34,-1732.5,-4471.25,551.25,-148.96,-253.84,-261.44
1611.5431,831.796,-157.136,605.303,-1680.0,-4593.75,735.0,-152.0,-246.24,-281.2
1611.5931,831.918,-156.953,606.767,-1513.75,-4812.5,691.25,-161.12,-256.88,-284.24
1611.6431,832.04,-155.794,604.937,-1505.0,-4593.75,560.0,-161.12,-259.92,-275.12
1611.6931,830.698,-154.757,605.791,-1680.0,-4602.5,516.25,-155.04,-252.32,-262.96
1611.7431,829.295,-155.855,603.29,-1356.25,-4996.25,253.75,-150.48,-262.96,-281.2
1611.7932,831.735,-156.404,600.301,-1303.75,-4882.5,656.25,-147.44,-259.92,-282.72
1611.8431,829.051,-156.099,605.425,-1461.25,-4672.5,735.0,-152.0,-261.44,-266.0
1611.8931,830.393,-157.197,603.229,-1487.5,-4567.5,490.0,-150.48,-272.08,-262.96
1611.9431,833.016,-157.502,605.486,-1583.75,-4366.25,358.75,-158.08,-256.88,-275.12
1611.9931,827.221,-157.685,604.449,-1575.0,-4558.75,288.75,-141.36,-252.32,-282.72
1612.0431,827.953,-158.722,606.096,-1461.25,-4698.75,805.0,-145.92,-261.44,-267.52
1612.0931,829.844,-156.221,602.863,-1478.75,-5031.25,883.75,-155.04,-261.44,-266.0
1612.1431,832.894,-159.027,605.547,-1522.5,-4803.75,673.75,-155.04,-253.84,-261.44
1612.1931,832.223,-155.855,604.388,-1583.75,-4620.0,385.0,-165.68,-252.32,-261.44
1612.2431,830.332,-155.672,605.181,-1566.25,-4427.5,341.25,-148.96,-253.84,-264.48
1612.2931,829.478,-156.648,605.791,-1557.5,-4838.75,787.5,-145.92,-243.2,-270.56
1612.3431,827.465,-156.221,604.266,-1408.75,-4506.25,708.75,-127.68,-261.44,-278.16
1612.3931,830.576,-154.757,605.425,-1347.5,-5031.25,691.25,-127.68,-267.52,-269.04
1612.4431,830.515,-156.648,606.096,-1531.25,-4751.25,350.0,-164.16,-259.92,-278.16
1612.4931,831.186,-158.6,608.78,-1706.25,-4462.5,507.5,-145.92,-255.36,-267.52
1612.5431,829.783,-158.295,604.205,-1382.5,-4917.5,708.75,-152.0,-253.84,-273.6
1612.5931,844.057,-160.796,613.538,-2091.25,-3692.5,700.0,-152.0,-252.32,-266.0
1612.6431,835.639,-163.785,611.525,-1295.0,-4830.0,568.75,-153.52,-258.4,-275.12
1612.6931,828.136,-154.879,603.9,-1032.5,-5005.0,385.0,-135.28,-252.32,-276.64
1612.7431,830.82,-155.489,605.059,-1417.5,-4707.5,323.75,-144.4,-259.92,-262.96
1612.7931,833.382,-158.234,607.194,-1697.5,-5066.25,787.5,-152.0,-258.4,-269.04
1612.8431,832.101,-161.284,605.852,-1190.0,-4821.25,481.25,-152.0,-256.88,-267.52
1612.8931,830.454,-152.439,606.096,-1645.0,-4095.0,542.5,-153.52,-264.48,-264.48
1612.9431,832.955,-157.868,604.51,-1750.0,-4751.25,665.0,-153.52,-261.44,-266.0
1612.9931,833.443,-156.831,604.998,-1487.5,-4777.5,656.25,-138.32,-250.8,-261.44
1613.0431,832.833,-159.637,603.534,-1426.25,-4488.75,595.0,-153.52,-240.16,-267.52
1613.0931,828.258,-152.744,604.876,-1408.75,-4725.0,411.25,-158.08,-253.84,-281.2
1613.1433,831.857,-157.136,603.656,-1610.0,-4655.0,507.5,-141.36,-258.4,-266.0
1613.1931,830.454,-159.637,604.754,-1452.5,-4532.5,621.25,-150.48,-258.4,-276.64
1613.2431,829.783,-154.513,604.693,-1478.75,-4681.25,612.5,-144.4,-259.92,-273.6
1613.2931,829.966,-155.916,605.608,-1618.75,-4882.5,770.0,-152.0,-252.32,-276.64
1613.3431,832.345,-157.014,603.778,-1601.25,-4926.25,446.25,-145.92,-253.84,-282.72
1613.3931,830.942,-158.844,602.68,-1618.75,-4086.25,393.75,-153.52,-262.96,-270.56
1613.4431,829.295,-157.441,608.597,-1715.0,-4646.25,446.25,-141.36,-250.8,-281.2
1613.4931,832.65,-159.698,604.51,-1601.25,-4602.5,822.5,-148.96,-247.76,-270.56
1613.5431,828.929,-154.147,606.584,-1312.5,-4777.5,726.25,-156.56,-266.0,-270.56
1613.5931,832.101,-157.624,606.279,-1662.5,-4917.5,428.75,-144.4,-272.08,-266.0
1613.6431,831.247,-154.94,604.205,-1785.0,-4200.0,393.75,-138.32,-250.8,-273.6
1613.6931,829.661,-159.271,604.998,-1531.25,-4786.25,472.5,-136.8,-264.48,-266.0
1613.7431,826.428,-158.051,607.682,-1330.0,-4742.5,708.75,-152.0,-253.84,-272.08
1613.7931,829.905,-157.258,606.157,-1478.75,-4628.75,647.5,-145.92,-247.76,-272.08
1613.8431,831.491,-157.929,606.096,-1540.0,-4515.0,245.0,-148.96,-252.32,-258.4
1613.8931,831.308,-155.306,603.046,-1330.0,-4392.5,297.5,-158.08,-258.4,-291.84
1613.9431,830.21,-156.038,607.743,-1723.75,-4471.25,560.0,-158.08,-264.48,-270.56
1613.9931,832.955,-160.43,604.693,-1417.5,-4908.75,761.25,-158.08,-258.4,-273.6
1614.0431,828.807,-157.197,603.595,-1592.5,-4480.0,551.25,-138.32,-259.92,-272.08
1614.0931,830.271,-156.526,604.815,-1627.5,-4576.25,385.0,-150.48,-266.0,-276.64
1614.1431,830.942,-155.672,606.767,-1688.75,-4523.75,472.5,-152.0,-261.44,-284.24
1614.1931,829.783,-156.648,606.096,-1373.75,-4462.5,612.5,-153.52,-258.4,-276.64
1614.2431,829.051,-158.478,603.229,-1470.0,-4873.75,603.75,-138.32,-258.4,-279.68
1614.2931,831.857,-156.953,604.51,-1601.25,-4663.75,568.75,-147.44,-255.36,-262.96
1614.3431,829.783,-156.282,606.401,-1435.0,-4847.5,341.25,-158.08,-259.92,-269.04
1614.3931,831.064,-156.282,603.046,-1566.25,-4567.5,481.25,-133.76,-258.4,-275.12
1614.4431,830.332,-155.916,604.388,-1426.25,-4646.25,691.25,-141.36,-253.84,-267.52
1614.4931,830.698,-157.258,603.656,-1513.75,-4803.75,516.25,-150.48,-262.96,-266.0
1614.5431,829.478,-156.953,604.876,-1531.25,-4471.25,341.25,-155.04,-266.0,-275.12
1614.5932,831.186,-158.661,606.767,-1575.0,-4795.0,376.25,-138.32,-262.96,-273.6
1614.6431,834.236,-154.635,603.412,-1347.5,-4593.75,577.5,-138.32,-262.96,-275.12
1614.6931,831.186,-155.55,604.937,-1540.0,-4471.25,735.0,-152.0,-253.84,-270.56
1614.7431,829.539,-154.879,607.865,-1653.75,-4821.25,437.5,-144.4,-253.84,-266.0
1614.7931,832.772,-158.783,604.022,-1408.75,-4585.0,376.25,-133.76,-266.0,-270.56
1614.8431,832.467,-156.343,605.669,-1697.5,-4585.0,341.25,-162.64,-253.84,-278.16
1614.8931,832.833,-157.502,602.314,-1496.25,-4803.75,735.0,-144.4,-256.88,-281.2
1614.9431,828.014,-158.295,607.377,-1487.5,-4523.75,603.75,-129.2,-246.24,-281.2
1614.9931,829.661,-155.855,606.889,-1496.25,-5136.25,700.0,-141.36,-261.44,-266.0
1615.0431,834.541,-159.332,602.802,-1540.0,-4786.25,262.5,-158.08,-249.28,-273.6
1615.0931,831.552,-153.964,608.719,-1671.25,-4200.0,446.25,-133.76,-252.32,-270.56
1615.1431,831.369,-157.807,609.512,-1610.0,-4392.5,910.0,-150.48,-258.4,-269.04
1615.1931,831.918,-158.356,607.499,-1338.75,-4576.25,700.0,-158.08,-269.04,-275.12
1615.2431,829.234,-162.565,605.974,-1505.0,-4768.75,647.5,-155.04,-267.52,-264.48
1615.2931,832.223,-156.343,603.29,-1312.5,-4742.5,70.0,-152.0,-258.4,-269.04
1615.3431,832.955,-156.709,605.303,-1802.5,-4322.5,682.5,-138.32,-272.08,-282.72
1615.3931,830.149,-156.892,609.634,-1478.75,-4270.0,813.75,-148.96,-261.44,-264.48
1615.4431,831.003,-158.234,606.157,-1540.0,-4690.0,761.25,-145.92,-256.88,-276.64
1615.4931,827.038,-155.794,603.595,-1382.5,-4628.75,393.75,-148.96,-250.8,-267.52
1615.5431,831.979,-155.184,602.863,-1583.75,-4856.25,446.25,-141.36,-249.28,-267.52
1615.5931,832.162,-159.82,602.619,-1548.75,-4235.0,516.25,-161.12,-267.52,-290.32
1615.6431,828.38,-154.757,605.547,-1601.25,-4655.0,612.5,-164.16,-250.8,-272.08
1615.6931,830.82,-158.295,605.73,-1601.25,-4462.5,533.75,-150.48,-261.44,-273.6
1615.7431,829.905,-157.38,605.73,-1723.75,-4751.25,481.25,-147.44,-262.96,-272.08
1615.7931,832.467,-158.783,604.937,-1636.25,-4453.75,490.0,-155.04,-255.36,-266.0
1615.8431,831.186,-153.11,604.266,-1452.5,-4558.75,665.0,-139.84,-259.92,-262.96
1615.8931,828.929,-160.613,604.876,-1400.0,-4558.75,638.75,-132.24,-270.56,-281.2
1615.9431,830.515,-153.72,606.523,-1496.25,-4410.0,262.5,-141.36,-258.4,-273.6
1615.9931,832.589,-158.905,604.449,-1575.0,-4777.5,463.75,-145.92,-247.76,-278.16
1616.0432,830.21,-157.868,605.425,-1426.25,-4340.0,498.75,-148.96,-261.44,-284.24
1616.0931,830.942,-159.698,606.462,-1688.75,-4812.5,778.75,-148.96,-258.4,-264.48
1616.1431,832.589,-154.452,606.096,-1216.25,-4655.0,595.0,-144.4,-247.76,-279.68
1616.1931,830.82,-154.574,606.035,-1750.0,-4856.25,673.75,-141.36,-269.04,-267.52
1616.2431,830.088,-159.21,603.534,-1338.75,-4873.75,148.75,-158.08,-246.24,-267.52
1616.2931,832.04,-156.709,604.754,-1828.75,-4235.0,420.0,-159.6,-253.84,-270.56
1616.3431,831.491,-160.369,604.449,-1426.25,-4567.5,735.0,-144.4,-241.68,-275.12
1616.3931,830.088,-155.306,603.473,-1575.0,-4602.5,848.75,-126.16,-262.96,-266.0
1616.4431,831.735,-158.173,604.022,-1636.25,-4550.0,385.0,-145.92,-256.88,-275.12
1616.4931,829.112,-157.38,605.852,-1723.75,-4532.5,367.5,-153.52,-262.96,-264.48
1616.5431,831.552,-154.94,603.9,-1470.0,-4383.75,402.5,-158.08,-252.32,-273.6
1616.5931,829.966,-158.783,604.754,-1478.75,-4672.5,857.5,-138.32,-262.96,-270.56
1616.6431,833.016,-159.332,604.51,-1303.75,-5197.5,586.25,-162.64,-259.92,-270.56
1616.6931,836.249,-157.136,612.806,-1890.0,-4068.75,472.5,-144.4,-269.04,-281.2
1616.7431,826.428,-153.964,606.95,-1303.75,-4655.0,481.25,-142.88,-256.88,-269.04
1616.7931,834.114,-161.223,602.741,-1671.25,-4620.0,376.25,-153.52,-258.4,-262.96
1616.8431,831.186,-156.587,602.802,-1443.75,-4523.75,647.5,-156.56,-258.4,-287.28
1616.8931,830.515,-153.781,605.852,-1522.5,-4742.5,656.25,-141.36,-243.2,-272.08
1616.9431,832.223,-157.563,605.852,-1653.75,-4235.0,455.0,-142.88,-253.84,-269.04
1616.9931,829.844,-156.77,604.998,-1505.0,-4838.75,428.75,-142.88,-259.92,-272.08
1617.0431,831.064,-158.844,605.364,-1487.5,-4733.75,385.0,-152.0,-259.92,-279.68
1617.0931,832.345,-156.587,606.34,-1671.25,-4173.75,735.0,-147.44,-259.92,-287.28
1617.1431,827.587,-155.672,604.571,-1321.25,-4865.0,428.75,-129.2,-264.48,-273.6
1617.1931,833.321,-155.794,604.083,-1540.0,-4348.75,402.5,-144.4,-258.4,-266.0
1617.2431,829.234,-155.977,609.634,-1618.75,-4698.75,560.0,-161.12,-252.32,-264.48
1617.2931,830.759,-157.746,604.266,-1478.75,-4707.5,586.25,-139.84,-246.24,-273.6
1617.3431,831.369,-158.844,605.852,-1583.75,-4637.5,630.0,-152.0,-262.96,-269.04
1617.3933,831.186,-154.025,603.778,-1400.0,-4672.5,437.5,-141.36,-253.84,-264.48
1617.4431,833.016,-154.879,603.534,-1767.5,-4716.25,533.75,-150.48,-246.24,-270.56
1617.4931,832.162,-157.685,604.51,-1435.0,-4628.75,665.0,-136.8,-258.4,-276.64
1617.5431,830.271,-157.38,608.048,-1382.5,-5031.25,708.75,-147.44,-259.92,-264.48
1617.5931,830.759,-154.086,604.266,-1583.75,-4856.25,533.75,-153.52,-258.4,-264.48
1617.6431,831.369,-159.82,604.144,-1653.75,-4515.0,402.5,-159.6,-256.88,-276.64
1617.6931,833.809,-156.709,605.364,-1470.0,-4795.0,306.25,-147.44,-255.36,-267.52
1617.7431,830.576,-153.842,606.462,-1470.0,-4663.75,638.75,-142.88,-247.76,-279.68
1617.7931,831.43,-157.868,604.083,-1662.5,-4716.25,787.5,-158.08,-261.44,-273.6
1617.8431,833.016,-158.295,603.778,-1347.5,-4532.5,682.5,-150.48,-255.36,-266.0
1617.8931,829.844,-153.476,604.388,-1382.5,-4558.75,253.75,-144.4,-256.88,-279.68
1617.9431,833.931,-156.465,604.449,-1680.0,-4882.5,472.5,-156.56,-261.44,-285.76
1617.9931,832.223,-158.234,605.303,-1373.75,-4663.75,787.5,-136.8,-258.4,-276.64
1618.0431,830.149,-154.574,605.059,-1487.5,-4698.75,700.0,-152.0,-264.48,-267.52
1618.0931,831.247,-157.319,605.425,-1531.25,-4506.25,717.5,-158.08,-244.72,-261.44
1618.1431,830.271,-156.038,605.364,-1601.25,-4585.0,393.75,-150.48,-261.44,-258.4
1618.1931,830.454,-157.136,604.205,-1452.5,-4445.0,280.0,-148.96,-261.44,-281.2
1618.2431,830.881,-152.439,604.571,-1505.0,-4523.75,717.5,-150.48,-253.84,-267.52
1618.2931,829.844,-157.319,604.388,-1513.75,-4707.5,761.25,-135.28,-255.36,-278.16
1618.3431,830.332,-156.953,605.669,-1321.25,-4690.0,551.25,-138.32,-259.92,-275.12
1618.3931,828.99,-157.502,605.73,-1540.0,-4576.25,411.25,-147.44,-261.44,-270.56
1618.4431,830.637,-156.587,602.985,-1505.0,-4488.75,446.25,-144.4,-238.64,-284.24
1618.4931,832.65,-157.685,605.547,-1417.5,-4663.75,525.0,-135.28,-249.28,-269.04
1618.5431,831.735,-156.343,604.083,-1426.25,-4751.25,577.5,-148.96,-253.84,-276.64
1618.5931,830.637,-155.672,604.449,-1592.5,-4593.75,586.25,-153.52,-256.88,-258.4
1618.6431,830.454,-159.21,605.12,-1575.0,-4585.0,551.25,-139.84,-255.36,-272.08
1618.6931,831.186,-155.733,606.95,-1295.0,-4838.75,516.25,-135.28,-261.44,-279.68
1618.7431,833.87,-155.855,610.0,-1496.25,-4243.75,708.75,-159.6,-267.52,-279.68
1618.7931,831.857,-155.245,602.192,-1400.0,-4786.25,630.0,-167.2,-234.08,-276.64
1618.8432,834.846,-157.258,604.144,-1618.75,-4287.5,306.25,-142.88,-258.4,-266.0
1618.8931,827.709,-154.696,604.388,-1723.75,-4436.25,568.75,-138.32,-234.08,-282.72
1618.9431,831.064,-158.844,607.682,-1653.75,-4742.5,735.0,-148.96,-258.4,-275.12
1618.9931,829.966,-155.916,603.717,-1321.25,-4838.75,630.0,-129.2,-246.24,-272.08
1619.0431,830.149,-154.818,605.608,-1793.75,-4383.75,568.75,-165.68,-253.84,-275.12
1619.0931,829.234,-159.332,605.059,-1426.25,-4620.0,210.0,-147.44,-259.92,-275.12
1619.1431,830.149,-171.593,604.327,-1828.75,-4646.25,446.25,-155.04,-261.44,-266.0
1619.1931,831.064,-159.759,604.388,-1417.5,-4637.5,691.25,-150.48,-262.96,-276.64
1619.2431,833.687,-153.171,604.998,-1373.75,-4795.0,673.75,-148.96,-256.88,-273.6
1619.2931,813.862,-148.108,588.711,-1758.75,-4077.5,586.25,-142.88,-259.92,-284.24
1619.3431,833.748,-163.175,616.954,-1995.0,-4943.75,446.25,-153.52,-276.64,-278.16
1619.3931,836.188,-154.513,613.355,-1382.5,-3281.25,332.5,-139.84,-255.36,-276.64
1619.4431,836.127,-157.258,604.083,-1968.75,-4060.0,1050.0,-135.28,-256.88,-264.48
1619.4931,829.783,-160.003,602.497,-1417.5,-5381.25,595.0,-159.6,-256.88,-267.52
1619.5431,828.502,-156.465,607.499,-1688.75,-4970.0,157.5,-141.36,-243.2,-273.6
1619.5931,829.417,-156.282,604.693,-1671.25,-3570.0,525.0,-132.24,-250.8,-255.36
1619.6431,831.979,-160.003,606.584,-1023.75,-4856.25,253.75,-148.96,-249.28,-273.6
1619.6931,829.722,-154.757,607.072,-1303.75,-5337.5,638.75,-150.48,-252.32,-272.08
1619.7431,823.622,-152.561,601.582,-1942.5,-4051.25,770.0,-139.84,-255.36,-282.72
1619.7931,828.136,-150.609,604.449,-1785.0,-4200.0,525.0,-158.08,-261.44,-281.2
1619.8431,832.711,-158.722,603.595,-1163.75,-4742.5,166.25,-136.8,-258.4,-270.56
1619.8931,830.149,-156.099,606.95,-1680.0,-4340.0,621.25,-133.76,-247.76,-276.64
1619.9431,829.722,-157.258,605.73,-1575.0,-4313.75,735.0,-152.0,-256.88,-276.64
1619.9931,829.844,-157.136,605.486,-1627.5,-4410.0,638.75,-148.96,-258.4,-275.12
1620.0431,842.654,-164.212,622.383,-2117.5,-2397.5,498.75,-148.96,-259.92,-276.64
1620.0931,837.774,-148.657,596.214,-271.25,-3972.5,603.75,-142.88,-250.8,-270.56
1620.1431,826.306,-160.552,599.325,-1478.75,-5346.25,315.0,-150.48,-246.24,-279.68
1620.1931,827.892,-157.441,604.266,-1793.75,-5241.25,455.0,-139.84,-256.88,-272.08
1620.2431,833.687,-153.537,608.292,-1662.5,-4401.25,577.5,-148.96,-252.32,-284.24
1620.2932,831.064,-158.173,606.035,-1286.25,-4392.5,402.5,-145.92,-266.0,-269.04
1620.3431,832.467,-161.101,604.022,-1478.75,-4628.75,595.0,-153.52,-270.56,-266.0
1620.3931,829.112,-154.818,607.56,-1767.5,-4471.25,770.0,-127.68,-259.92,-273.6
1620.4431,831.796,-154.513,604.937,-1802.5,-4340.0,682.5,-139.84,-261.44,-273.6
1620.4931,831.369,-156.77,604.083,-1400.0,-4777.5,402.5,-142.88,-262.96,-278.16
1620.5431,830.881,-155.672,608.475,-1400.0,-4287.5,201.25,-141.36,-250.8,-276.64
1620.5931,831.308,-157.319,605.486,-1601.25,-4795.0,673.75,-133.76,-267.52,-285.76
1620.6431,834.236,-157.075,603.29,-1645.0,-4620.0,752.5,-153.52,-255.36,-272.08
1620.6931,830.759,-155.245,605.425,-1540.0,-4532.5,726.25,-148.96,-259.92,-276.64
1620.7431,832.04,-154.94,604.022,-1750.0,-4348.75,446.25,-164.16,-243.2,-269.04
1620.7931,829.722,-159.271,602.924,-1653.75,-4497.5,393.75,-138.32,-261.44,-273.6
1620.8431,831.003,-158.6,602.985,-1566.25,-4383.75,708.75,-141.36,-262.96,-275.12
1620.8931,829.844,-155.306,603.656,-1251.25,-5118.75,708.75,-136.8,-262.96,-275.12
1620.9431,828.441,-157.441,603.839,-1583.75,-4480.0,805.0,-141.36,-249.28,-281.2
1620.9932,831.552,-158.173,606.828,-1653.75,-4497.5,297.5,-148.96,-255.36,-275.12
1621.0431,827.77,-155.672,607.926,-1680.0,-4751.25,463.75,-155.04,-259.92,-278.16
1621.0931,830.332,-158.783,604.388,-1802.5,-4786.25,927.5,-136.8,-258.4,-276.64
1621.1431,830.881,-158.051,602.497,-1233.75,-4908.75,708.75,-135.28,-259.92,-258.4
1621.1931,827.282,-152.134,604.693,-1365.0,-4593.75,603.75,-153.52,-249.28,-279.68
1621.2431,831.613,-157.014,607.926,-1890.0,-4611.25,586.25,-142.88,-249.28,-273.6
1621.2931,829.783,-157.075,606.645,-1303.75,-4480.0,253.75,-147.44,-259.92,-261.44
1621.3431,832.284,-153.964,604.022,-1548.75,-4156.25,455.0,-144.4,-250.8,-276.64
1621.3931,830.088,-154.696,603.168,-1758.75,-4322.5,866.25,-152.0,-255.36,-261.44
1621.4431,831.857,-163.602,604.571,-1426.25,-4786.25,533.75,-148.96,-253.84,-253.84
1621.4931,830.515,-157.38,604.632,-1032.5,-4655.0,78.75,-150.48,-258.4,-264.48
1621.5431,831.003,-155.306,604.083,-1767.5,-4471.25,516.25,-147.44,-266.0,-275.12
1621.5931,831.43,-156.038,602.375,-1443.75,-4672.5,612.5,-135.28,-243.2,-279.68
1621.6431,832.223,-156.892,604.876,-1522.5,-4733.75,700.0,-152.0,-249.28,-278.16
1621.6931,832.467,-156.648,605.791,-1653.75,-4191.25,437.5,-152.0,-255.36,-275.12
1621.7432,829.051,-159.393,606.95,-1680.0,-4322.5,507.5,-142.88,-256.88,-278.16
1621.7931,835.334,-158.112,604.449,-1198.75,-5013.75,420.0,-152.0,-241.68,-269.04
1621.8431,830.942,-154.025,606.035,-1732.5,-4558.75,875.0,-155.04,-261.44,-282.72
1621.8931,831.613,-158.966,604.754,-1548.75,-4786.25,437.5,-158.08,-267.52,-267.52
1621.9431,831.186,-155.55,605.547,-1793.75,-4471.25,437.5,-132.24,-252.32,-285.76
1621.9931,833.138,-159.637,604.815,-1513.75,-4436.25,253.75,-139.84,-255.36,-255.36
1622.0431,832.894,-156.16,606.706,-1487.5,-4576.25,761.25,-136.8,-249.28,-270.56
1622.0931,830.271,-157.868,604.205,-1513.75,-4795.0,892.5,-147.44,-261.44,-284.24
1622.1431,831.979,-159.881,604.876,-1715.0,-4497.5,455.0,-142.88,-252.32,-276.64
1622.1931,828.807,-156.587,605.547,-1645.0,-4541.25,280.0,-147.44,-269.04,-259.92
1622.2431,830.759,-156.221,605.303,-1470.0,-4576.25,332.5,-164.16,-246.24,-264.48
1622.2931,830.027,-156.16,604.693,-1400.0,-4550.0,770.0,-141.36,-252.32,-275.12
1622.3431,830.881,-158.051,606.523,-1505.0,-4891.25,735.0,-150.48,-255.36,-269.04
1622.3931,833.26,-157.075,604.632,-1627.5,-4305.0,402.5,-155.04,-259.92,-259.92
1622.4431,829.783,-156.282,609.085,-1645.0,-4427.5,271.25,-141.36,-256.88,-266.0
1622.4931,829.051,-153.903,605.608,-1443.75,-4725.0,367.5,-141.36,-255.36,-266.0
1622.5431,829.905,-154.269,603.351,-1505.0,-4646.25,857.5,-167.2,-259.92,-267.52
1622.5931,831.125,-158.173,603.534,-1452.5,-4978.75,708.75,-153.52,-264.48,-264.48
1622.6431,830.515,-156.343,606.645,-1487.5,-4637.5,280.0,-142.88,-256.88,-279.68
1622.6931,829.295,-156.648,603.412,-1592.5,-4541.25,332.5,-152.0,-273.6,-279.68
1622.7431,830.698,-155.428,605.73,-1592.5,-4558.75,490.0,-148.96,-253.84,-275.12
1622.7931,831.369,-154.757,604.51,-1452.5,-4725.0,691.25,-155.04,-252.32,-273.6
1622.8431,829.539,-157.563,602.192,-1680.0,-4742.5,647.5,-142.88,-273.6,-267.52
1622.8931,830.576,-156.282,605.181,-1487.5,-4900.0,446.25,-161.12,-244.72,-272.08
1622.9431,830.82,-159.21,604.327,-1417.5,-4576.25,385.0,-153.52,-262.96,-279.68
1622.9931,832.406,-156.77,605.913,-1505.0,-4655.0,551.25,-145.92,-256.88,-273.6
1623.0431,831.857,-156.953,606.218,-1513.75,-5040.0,638.75,-136.8,-264.48,-278.16
1623.0932,830.393,-156.282,602.741,-1505.0,-4760.0,481.25,-161.12,-255.36,-273.6
1623.1431,830.759,-156.16,605.791,-1575.0,-4567.5,507.5,-142.88,-256.88,-273.6
1623.1931,831.186,-157.99,605.059,-1592.5,-4453.75,586.25,-152.0,-246.24,-284.24
1623.2431,832.345,-157.624,602.497,-1566.25,-4628.75,647.5,-162.64,-241.68,-281.2
1623.2931,831.613,-156.587,605.303,-1452.5,-4620.0,446.25,-158.08,-261.44,-269.04
1623.3431,830.271,-154.696,604.571,-1487.5,-4690.0,411.25,-148.96,-284.24,-275.12
1623.3931,833.382,-155.611,603.473,-1575.0,-4296.25,306.25,-153.52,-262.96,-272.08
1623.4431,829.722,-156.526,606.279,-1435.0,-4620.0,656.25,-145.92,-247.76,-269.04
1623.4931,831.064,-157.075,605.486,-1531.25,-4751.25,726.25,-141.36,-259.92,-267.52
1623.5431,833.077,-156.465,605.303,-1522.5,-4628.75,796.25,-155.04,-262.96,-270.56
1623.5931,832.589,-157.624,604.388,-1618.75,-4567.5,463.75,-144.4,-264.48,-279.68
1623.6431,832.223,-158.539,605.791,-1540.0,-4366.25,385.0,-158.08,-234.08,-266.0
1623.6931,833.687,-156.831,603.839,-1566.25,-4803.75,726.25,-133.76,-252.32,-259.92
1623.7431,830.149,-156.404,607.255,-1435.0,-4497.5,735.0,-161.12,-250.8,-267.52
1623.7931,831.369,-160.064,605.73,-1435.0,-4812.5,796.25,-145.92,-253.84,-272.08
1623.8431,831.491,-157.197,604.571,-1513.75,-4628.75,323.75,-155.04,-244.72,-267.52
1623.8931,830.759,-158.844,603.778,-1645.0,-4348.75,280.0,-152.0,-255.36,-278.16
1623.9431,831.369,-154.757,606.035,-1548.75,-4663.75,726.25,-150.48,-264.48,-279.68
1623.9931,832.772,-155.855,605.547,-1531.25,-4725.0,787.5,-142.88,-259.92,-262.96
1624.0431,831.125,-155.55,604.266,-1601.25,-4725.0,656.25,-148.96,-259.92,-267.52
1624.0931,831.43,-156.282,605.913,-1636.25,-4611.25,411.25,-153.52,-276.64,-276.64
1624.1431,830.515,-155.977,602.802,-1627.5,-4602.5,253.75,-158.08,-256.88,-262.96
1624.1931,833.26,-158.173,602.497,-1636.25,-4576.25,568.75,-145.92,-258.4,-273.6
1624.2431,830.881,-156.709,606.218,-1531.25,-4620.0,708.75,-152.0,-253.84,-261.44
1624.2931,831.125,-156.953,603.9,-1435.0,-4830.0,560.0,-138.32,-270.56,-272.08
1624.3431,829.478,-157.502,605.425,-1522.5,-4707.5,358.75,-139.84,-244.72,-266.0
1624.3931,831.857,-156.465,603.839,-1496.25,-4690.0,463.75,-139.84,-255.36,-272.08
1624.4431,829.661,-155.855,603.717,-1487.5,-4646.25,726.25,-152.0,-266.0,-290.32
1624.4931,829.539,-156.831,606.523,-1513.75,-4996.25,708.75,-159.6,-247.76,-279.68
1624.5432,829.905,-156.587,607.438,-1706.25,-4620.0,568.75,-152.0,-262.96,-279.68
1624.5931,828.685,-157.868,604.632,-1592.5,-4663.75,455.0,-145.92,-256.88,-270.56
1624.6431,829.966,-156.282,605.73,-1356.25,-4917.5,516.25,-158.08,-261.44,-273.6
1624.6931,832.772,-155.672,603.046,-1583.75,-4585.0,682.5,-158.08,-264.48,-276.64
1624.7431,830.881,-156.221,605.486,-1653.75,-4567.5,533.75,-144.4,-259.92,-273.6
1624.7931,831.43,-157.868,608.17,-1435.0,-4593.75,367.5,-148.96,-259.92,-278.16
1624.8431,829.234,-156.526,604.083,-1461.25,-4996.25,551.25,-148.96,-252.32,-276.64
1624.8931,833.26,-158.051,606.035,-1592.5,-4515.0,708.75,-142.88,-255.36,-272.08
1624.9431,832.284,-155.489,603.107,-1400.0,-4628.75,708.75,-138.32,-255.36,-282.72
1624.9931,829.539,-155.367,603.107,-1478.75,-4873.75,420.0,-155.04,-252.32,-253.84
1625.0431,829.905,-159.271,605.547,-1662.5,-4707.5,472.5,-168.72,-243.2,-279.68
1625.0931,831.857,-154.086,602.253,-1487.5,-4602.5,288.75,-138.32,-250.8,-281.2
1625.1431,830.454,-155.123,606.279,-1540.0,-4663.75,726.25,-156.56,-261.44,-279.68
1625.1931,829.234,-159.393,605.486,-1505.0,-4803.75,840.0,-159.6,-258.4,-273.6
1625.2431,830.881,-157.929,604.937,-1487.5,-4436.25,297.5,-139.84,-259.92,-281.2
1625.2931,831.979,-155.977,604.327,-1461.25,-4961.25,341.25,-139.84,-250.8,-288.8
1625.3431,833.138,-155.062,605.242,-1610.0,-4252.5,323.75,-132.24,-258.4,-275.12
1625.3931,831.43,-155.794,605.669,-1706.25,-4471.25,822.5,-153.52,-264.48,-259.92
1625.4431,831.491,-159.881,603.9,-1435.0,-4847.5,691.25,-142.88,-261.44,-276.64
1625.4931,830.698,-157.258,604.754,-1505.0,-4698.75,367.5,-144.4,-259.92,-270.56
1625.5431,830.637,-155.428,603.656,-1505.0,-4410.0,315.0,-141.36,-259.92,-270.56
1625.5931,830.942,-157.258,605.059,-1697.5,-4637.5,516.25,-136.8,-250.8,-262.96
1625.6431,832.528,-157.807,604.144,-1312.5,-4733.75,700.0,-145.92,-256.88,-287.28
1625.6931,829.051,-156.404,607.011,-1610.0,-4401.25,691.25,-142.88,-247.76,-270.56
1625.7431,826.611,-155.611,600.85,-1417.5,-4690.0,393.75,-158.08,-266.0,-276.64
1625.7931,832.162,-157.441,607.743,-1846.25,-4751.25,481.25,-138.32,-253.84,-272.08
1625.8431,832.284,-155.672,603.534,-1303.75,-4620.0,472.5,-145.92,-247.76,-272.08
1625.8931,830.027,-155.184,605.242,-1575.0,-4663.75,840.0,-155.04,-247.76,-267.52
1625.9431,830.271,-159.82,606.706,-1522.5,-4628.75,542.5,-148.96,-258.4,-258.4
1625.9932,831.247,-156.953,606.34,-1531.25,-4742.5,323.75,-150.48,-258.4,-273.6
1626.0431,831.552,-158.173,603.656,-1610.0,-4716.25,586.25,-145.92,-264.48,-270.56
1626.0931,832.833,-155.428,603.595,-1461.25,-4550.0,700.0,-145.92,-259.92,-262.96
1626.1431,830.21,-157.197,605.547,-1478.75,-4445.0,682.5,-167.2,-261.44,-281.2
1626.1931,828.807,-156.953,606.401,-1540.0,-4760.0,560.0,-136.8,-255.36,-272.08
1626.2431,829.783,-154.147,601.46,-1513.75,-4593.75,306.25,-139.84,-256.88,-253.84
1626.2931,830.21,-156.831,605.913,-1522.5,-4628.75,761.25,-159.6,-266.0,-285.76
1626.3431,831.918,-156.465,604.998,-1583.75,-4497.5,752.5,-145.92,-261.44,-279.68
1626.3931,832.711,-156.709,607.255,-1531.25,-4672.5,813.75,-139.84,-264.48,-278.16
1626.4431,831.369,-159.637,606.218,-1496.25,-4532.5,577.5,-141.36,-252.32,-273.6
